{
    "fields": [{
            "name": "no_induk",
            "type": "varchar"
        },{
            "name": "kelas_id",
            "type": "select",
            "options":"$kelass"
        },
        {
            "name": "nama",
            "type": "varchar"
        },
        {
            "name": "jenis_kelamin",
            "type": "select",
            "options": {
                "Laki - Laki": "Laki - laki",
                "perempuan": "Perempuan"
            }
        },
        {
            "name": "alamat",
            "type": "text"
        },
        {
            "name": "no_telepon",
            "type": "varchar"
        },
        {
            "name": "status",
            "type": "select",
            "options": {
                "Aktif": "Aktif",
                "Tidak Aktif": "Tidak Aktif"
            }
        }
    ],

    "foreign_keys": [{
        "column": "kelas_id",
        "references": "id",
        "on": "kelas",
        "onDelete": "cascade"
    }],
    "relationships": [{
        "name": "kelas",
        "type": "belongsTo",
        "class": "App\\Models\\Kelas"
    }],

    "validations": [{
        "field": "no_induk",
        "rules": "required|max:20"
    }, {
        "field": "kelas_id",
        "rules": "required|integer|exists:kelas,id"
    }, {
        "field": "nama",
        "rules": "required|max:30"
    }, {
        "field": "jenis_kelamin",
        "rules": "required|in:Laki - Laki,Perempuan"
    }, {
        "field": "alamat",
        "rules": "required|max:100"
    }, {
        "field": "no_telepon",
        "rules": "required|max:15"
    }, {
        "field": "status",
        "rules": "required|in:Aktif,Tidak Aktif"
    }]
}