{
    "fields": [{
            "name": "name ",
            "type": "varchar"
        },{
            "name": "email",
            "type": "email"
        },
        {
            "name": "password",
            "type": "password"
        },
        {
            "name": "password_confirmation",
            "type": "password"
        }
    ],

    "foreign_keys": [],

    "validations": [{
        "field": "name",
        "rules": "required|string|max:30"
    }, {
        "field": "email",
        "rules": "required|email|max:50"
    }, {
        "field": "password",
        "rules": "required|max:100"
    }, {
        "field": "password_confirmation",
        "rules": "required|confirmed"
    }]
}